-- Vision360 - schema + seed generated from data.json

SET NAMES utf8mb4;
SET time_zone = '+00:00'; -- optional; adjust if you want server-side conversions
SET FOREIGN_KEY_CHECKS = 0;

CREATE DATABASE IF NOT EXISTS vision360 CHARACTER SET utf8mb4 COLLATE utf8mb4_unicode_ci;
USE vision360;

DROP TABLE IF EXISTS `event_courses`;
DROP TABLE IF EXISTS `event_groups`;
DROP TABLE IF EXISTS `event_resources`;
DROP TABLE IF EXISTS `event_lecturers`;
DROP TABLE IF EXISTS `event_students`;
DROP TABLE IF EXISTS `courses`;
DROP TABLE IF EXISTS `groups`;
DROP TABLE IF EXISTS `resources`;
DROP TABLE IF EXISTS `lecturers`;
DROP TABLE IF EXISTS `students`;
DROP TABLE IF EXISTS `events`;

SET FOREIGN_KEY_CHECKS = 1;

CREATE TABLE `events` (
  `id` INT UNSIGNED NOT NULL,
  `title` TEXT NOT NULL,
  `starts_at` DATETIME NOT NULL,
  `ends_at` DATETIME NOT NULL,
  `tz_offset_min` SMALLINT NOT NULL DEFAULT 0,
  `all_day` TINYINT(1) NOT NULL DEFAULT 0,
  `editable` TINYINT(1) NOT NULL DEFAULT 1,
  `class_name` VARCHAR(50) NULL,
  PRIMARY KEY (`id`),
  INDEX `idx_events_starts_at` (`starts_at`),
  INDEX `idx_events_ends_at` (`ends_at`)
) ENGINE=InnoDB DEFAULT CHARSET=utf8mb4 COLLATE=utf8mb4_unicode_ci;
CREATE TABLE `students` (
  `id` INT UNSIGNED NOT NULL,
  `last_name` VARCHAR(100) NOT NULL,
  `first_name` VARCHAR(100) NOT NULL,
  PRIMARY KEY (`id`),
  UNIQUE KEY `uq_students_name` (`last_name`, `first_name`)
) ENGINE=InnoDB DEFAULT CHARSET=utf8mb4 COLLATE=utf8mb4_unicode_ci;
CREATE TABLE `lecturers` (
  `id` INT UNSIGNED NOT NULL,
  `last_name` VARCHAR(100) NOT NULL,
  `first_name` VARCHAR(100) NOT NULL,
  PRIMARY KEY (`id`),
  UNIQUE KEY `uq_lecturers_name` (`last_name`, `first_name`)
) ENGINE=InnoDB DEFAULT CHARSET=utf8mb4 COLLATE=utf8mb4_unicode_ci;
CREATE TABLE `resources` (
  `code` VARCHAR(120) NOT NULL,
  `label` VARCHAR(120) NOT NULL,
  PRIMARY KEY (`code`)
) ENGINE=InnoDB DEFAULT CHARSET=utf8mb4 COLLATE=utf8mb4_unicode_ci;
CREATE TABLE `groups` (
  `code` VARCHAR(120) NOT NULL,
  `label` VARCHAR(255) NOT NULL,
  PRIMARY KEY (`code`)
) ENGINE=InnoDB DEFAULT CHARSET=utf8mb4 COLLATE=utf8mb4_unicode_ci;
CREATE TABLE `courses` (
  `code` VARCHAR(160) NOT NULL,
  `course` VARCHAR(255) NOT NULL,
  `module` VARCHAR(255) NULL,
  PRIMARY KEY (`code`)
) ENGINE=InnoDB DEFAULT CHARSET=utf8mb4 COLLATE=utf8mb4_unicode_ci;
CREATE TABLE `event_students` (
  `event_id` INT UNSIGNED NOT NULL,
  `student_id` INT UNSIGNED NOT NULL,
  PRIMARY KEY (`event_id`, `student_id`),
  INDEX `idx_es_student` (`student_id`),
  CONSTRAINT `fk_es_event` FOREIGN KEY (`event_id`) REFERENCES `events` (`id`) ON DELETE CASCADE,
  CONSTRAINT `fk_es_student` FOREIGN KEY (`student_id`) REFERENCES `students` (`id`) ON DELETE CASCADE
) ENGINE=InnoDB DEFAULT CHARSET=utf8mb4 COLLATE=utf8mb4_unicode_ci;
CREATE TABLE `event_lecturers` (
  `event_id` INT UNSIGNED NOT NULL,
  `lecturer_id` INT UNSIGNED NOT NULL,
  PRIMARY KEY (`event_id`, `lecturer_id`),
  INDEX `idx_el_lecturer` (`lecturer_id`),
  CONSTRAINT `fk_el_event` FOREIGN KEY (`event_id`) REFERENCES `events` (`id`) ON DELETE CASCADE,
  CONSTRAINT `fk_el_lecturer` FOREIGN KEY (`lecturer_id`) REFERENCES `lecturers` (`id`) ON DELETE CASCADE
) ENGINE=InnoDB DEFAULT CHARSET=utf8mb4 COLLATE=utf8mb4_unicode_ci;
CREATE TABLE `event_resources` (
  `event_id` INT UNSIGNED NOT NULL,
  `resource_code` VARCHAR(120) NOT NULL,
  PRIMARY KEY (`event_id`, `resource_code`),
  INDEX `idx_er_resource` (`resource_code`),
  CONSTRAINT `fk_er_event` FOREIGN KEY (`event_id`) REFERENCES `events` (`id`) ON DELETE CASCADE,
  CONSTRAINT `fk_er_resource` FOREIGN KEY (`resource_code`) REFERENCES `resources` (`code`) ON DELETE RESTRICT
) ENGINE=InnoDB DEFAULT CHARSET=utf8mb4 COLLATE=utf8mb4_unicode_ci;
CREATE TABLE `event_groups` (
  `event_id` INT UNSIGNED NOT NULL,
  `group_code` VARCHAR(120) NOT NULL,
  PRIMARY KEY (`event_id`, `group_code`),
  INDEX `idx_eg_group` (`group_code`),
  CONSTRAINT `fk_eg_event` FOREIGN KEY (`event_id`) REFERENCES `events` (`id`) ON DELETE CASCADE,
  CONSTRAINT `fk_eg_group` FOREIGN KEY (`group_code`) REFERENCES `groups` (`code`) ON DELETE RESTRICT
) ENGINE=InnoDB DEFAULT CHARSET=utf8mb4 COLLATE=utf8mb4_unicode_ci;
CREATE TABLE `event_courses` (
  `event_id` INT UNSIGNED NOT NULL,
  `course_code` VARCHAR(160) NOT NULL,
  PRIMARY KEY (`event_id`, `course_code`),
  INDEX `idx_ec_course` (`course_code`),
  CONSTRAINT `fk_ec_event` FOREIGN KEY (`event_id`) REFERENCES `events` (`id`) ON DELETE CASCADE,
  CONSTRAINT `fk_ec_course` FOREIGN KEY (`course_code`) REFERENCES `courses` (`code`) ON DELETE RESTRICT
) ENGINE=InnoDB DEFAULT CHARSET=utf8mb4 COLLATE=utf8mb4_unicode_ci;

-- -----------------
-- Seed data
-- -----------------

INSERT INTO `students` (`id`, `last_name`, `first_name`) VALUES
(1, 'AMROUCHE', 'Elliott'),
(2, 'ANSOULT', 'Éloïse'),
(3, 'ARBONA', 'Célian'),
(4, 'DENIS', 'Valentin'),
(5, 'DUBERNET', 'Corentin'),
(6, 'GILLET', 'Adrien'),
(7, 'HURVOIS', 'Martin'),
(8, 'NORMAND', 'Noah'),
(9, 'PAILLÉ', 'Arthur'),
(10, 'PARRABERE', 'Mathis'),
(11, 'POCHOLLE', 'Arthur'),
(12, 'POUX', 'Timothée'),
(13, 'SABADIE', 'Aylia'),
(14, 'SEENE', 'Allan'),
(15, 'SFIOTTI', 'Luca'),
(16, 'SOUCHET', 'Raphaël'),
(17, 'TUR', 'Jean-Baptiste'),
(18, 'VIALANEIX', 'Hugo'),
(19, 'ALBERTOS', 'Elvin'),
(20, 'ARGAÑO', 'Maëna'),
(21, 'BARRÉ-BEYLOT', 'Gaël'),
(22, 'BÉGUÉ--HOUET', 'Théo'),
(23, 'BENEDETTO', 'Loan'),
(24, 'CHEVALIER', 'Edouard'),
(25, 'COSTREL DE CORAINVILLE', 'Paul Eloi'),
(26, 'DESTOMBES', 'Yvi'),
(27, 'DESTRUHAUT', 'Romain'),
(28, 'FEDEVIEILLE', 'Gildas'),
(29, 'GAIGNEROT', 'Edouard'),
(30, 'GUYOMARD', 'Gildas'),
(31, 'LE BLANC', 'Eloïse'),
(32, 'LOZANO', 'Anthony'),
(33, 'METELSKI', 'Alexis'),
(34, 'PACAU', 'Kento'),
(35, 'RENAUD', 'Rozenn'),
(36, 'STROTZ', 'Naëla'),
(37, 'BAILLY', 'Florian'),
(38, 'BENSLAMA', 'Jed'),
(39, 'BERTRON', 'Mathieu'),
(40, 'BLANC', 'Louis'),
(41, 'BORDELAIS', 'Louis'),
(42, 'COELHO', 'Lucas'),
(43, 'EL HIRECH', 'Amal'),
(44, 'GUERIN', 'Louis'),
(45, 'HAMON', 'Malo'),
(46, 'JAKUBOWSKI', 'Adam'),
(47, 'MACAIGNE', 'Wilhelm'),
(48, 'MARHRAOUI', 'Hatem'),
(49, 'MAURIAC', 'Anatole'),
(50, 'MOULIS', 'Alexandre'),
(51, 'PULLÈS', 'Edgar'),
(52, 'SOUINI-RENAUDON', 'Anaëlle'),
(53, 'VERRON', 'Lucas'),
(54, 'BARDOU', 'Killian'),
(55, 'BEN AHMED', 'Mehdi'),
(56, 'BURGER', 'Inès'),
(57, 'COKOL', 'Arda'),
(58, 'COMIN', 'Charles'),
(59, 'COSTREL DE CORAINVILLE', 'Mayeul'),
(60, 'DE SOUZA', 'Lucile'),
(61, 'ERIT', 'Juliette'),
(62, 'GRABHERR', 'Yuma'),
(63, 'GRISON', 'Tom'),
(64, 'KASRI', 'Younes'),
(65, 'LABÉCOT', 'Daphné'),
(66, 'LAFITTE', 'Milan'),
(67, 'LAPUYADE--SOLDADO', 'Emmanuelle'),
(68, 'LOUBIAT', 'Léo'),
(69, 'MALLIER', 'Romain'),
(70, 'MARY', 'Nathan'),
(71, 'MIGON', 'Killian'),
(72, 'MILLE', 'Alexandre'),
(73, 'MUYAN', 'Mathis'),
(74, 'NORMAND', 'Arone'),
(75, 'PLOUVIER', 'Yann'),
(76, 'TORRES--HAZOUARD', 'Téo'),
(77, 'TRISCOS', 'Mathys'),
(78, 'VALTON', 'Raphaël'),
(79, 'ZELLER', 'Hugo'),
(80, 'ABADIR HOUMED HASSAN', 'Rayan'),
(81, 'DÉLAYAT', 'Joan'),
(82, 'DÉLAYAT', 'Xan'),
(83, 'DUBOIS', 'Arno'),
(84, 'GOUAUX', 'Nicolas'),
(85, 'GOUGEON', 'Taho'),
(86, 'PHAN', 'Thanh-Tùng'),
(87, 'PRADEL DAVAULT', 'Pierre-Adrien'),
(88, 'RÉMY', 'Killian'),
(89, 'ALMODOVAR', 'Nikita'),
(90, 'BALARD', 'Sacha'),
(91, 'BALZAN', 'Malo'),
(92, 'BONCOMPAIN', 'Raphael'),
(93, 'BOUCKAERT', 'Rémi'),
(94, 'BRUNET', 'Paul'),
(95, 'COSTES', 'Clément'),
(96, 'DAVID', 'Alvyn'),
(97, 'DE SOUSA ALGARVE', 'Miguel'),
(98, 'EL KHARROUBI', 'Samy'),
(99, 'FERREIRA', 'Eline'),
(100, 'FOUCHER', 'Maxens'),
(101, 'GABRIEL', 'Armand'),
(102, 'GUERRA', 'Jules'),
(103, 'HARLÉ', 'Thomas'),
(104, 'JEANNEROD', 'Amaury'),
(105, 'LOPEZ', 'Baptiste'),
(106, 'MACHENAUD', 'Alix'),
(107, 'MALANDIT', 'Bryan'),
(108, 'MARTIN', 'Eliott'),
(109, 'MECHLER', 'Ivy'),
(110, 'NICOLAS--ESSIANE', 'Sevan'),
(111, 'POUBLANC', 'Tom'),
(112, 'RAMIREZ', 'Benjamin'),
(113, 'RICHARD', 'Mathias'),
(114, 'ROCH', 'Mattéo'),
(115, 'BOZ', 'Kaan'),
(116, 'DE BACKER', 'Valentin'),
(117, 'HENNEBERT', 'Gautier'),
(118, 'LAWSON', 'Yoann'),
(119, 'LUCAS', 'Joshua'),
(120, 'MAZEAU', 'Clément'),
(121, 'MILLOGO', 'Uriel Arthur'),
(122, 'MLIKA', 'Imen'),
(123, 'ROUSERÉ', 'Alexis'),
(124, 'SACEPE', 'Fabien'),
(125, 'SMULSKI', 'Noah'),
(126, 'TELLE', 'Antonin'),
(127, 'TINGAUD', 'Galdric');

INSERT INTO `lecturers` (`id`, `last_name`, `first_name`) VALUES
(1, 'DIET', 'Jean-Aymeric'),
(2, 'JABARRI', 'Mohammad'),
(3, 'FABRE SINEGRE', 'Laureen'),
(4, 'LARROQUE', 'Thibaut'),
(5, 'DURANT', 'Sophie'),
(6, 'COUDERT', 'Mathieu'),
(7, 'TREMENT', 'Paul'),
(8, 'RIGAUD', 'Paul'),
(9, 'SMYRNOFF BODIN', 'Loïc'),
(10, 'DE CONTO', 'Antoine'),
(11, 'MOKRANI', 'Cyril'),
(12, 'PONASSIE', 'Damien'),
(13, 'NALEPA', 'Olivier'),
(14, 'PIROG', 'Antoine'),
(15, 'HINCU', 'Sergiu'),
(16, 'CUISINAUD', 'Laëtitia'),
(17, 'VIOT', 'Lucas'),
(18, 'PAUL', 'Laetitia'),
(19, 'MORELLE', 'Mikael'),
(20, 'FLAMENT', 'Axel'),
(21, 'FACON', 'François');

INSERT INTO `resources` (`code`, `label`) VALUES
('BDX_J102_FA140_COURS', 'J102_COURS'),
('BDX_J205_FA282_COURS', 'J205_COURS'),
('BDX_J103_FA143_COURS', 'J103_COURS'),
('BDX_J104_FA148_COURS', 'J104_COURS'),
('BDX_J111_FA110_CUISINE_PEDAGOGIQUE', 'J111_CUISINE PEDAGOGIQUE'),
('BDX_J101_FA138_COURS', 'J101_COURS'),
('BDX_J203_FA276_COURS', 'J203_COURS'),
('BDX_J106_FA159_TP_HYBRIDE', 'J106_TP HYBRIDE'),
('BDX_J206_FA243_COURS', 'J206_COURS'),
('BDX_J003_FA024_SALLE_COURS_INFORMATIQUE', 'J003_SALLE COURS INFORMATIQUE'),
('BDX_J204_FA279_COURS', 'J204_COURS'),
('BDX_J107_FA163_TP_INFORMATIQUE', 'J107_TP INFORMATIQUE'),
('BDX_J001_FA016_FABLAB', 'J001_FABLAB'),
('BDX_J004_FA029_COURS_PROTOTYPAGE', 'J004_COURS_PROTOTYPAGE'),
('BDX_J005_FA032_SALLE_CODESIGN', 'J005_SALLE_CODESIGN'),
('BDX_J109_FA101_CLASSLAB', 'J109_CLASSLAB');

INSERT INTO `groups` (`code`, `label`) VALUES
('2526_ISEN_BORDEAUX_CIR2', 'Promotion Bordeaux Cycle Informatique et Réseaux 2ème année 2025-2026'),
('2526_ISEN_BORDEAUX_AP5', 'Promotion 5ème année ISEN BORDEAUX Apprentissage 2025-2026'),
('2526_ISEN_BORDEAUX_CIR1', 'Promotion Bordeaux Cycle Informatique et Réseaux 1ère année 2025-2026'),
('2526_ADIMAKER_BORDEAUX_A1', 'Promotion Adimaker Bordeaux 1ère année 2025-2026'),
('2526_ISEN_BORDEAUX_CSI3', 'Promotion 1ère année de Cycle Ingénieur (CSI3) 2025-2026'),
('2526_ADIMAKER_BORDEAUX_A2', 'Promotion Adimaker Bordeaux 2ème année 2025-2026'),
('2526_ISEN_BORDEAUX_AP5_DEV', 'AP5 Bdx Option Développement Logiciel'),
('2526_ISEN_BORDEAUX_AP5_CYBER', 'AP5 Bdx Option Cybersécurité'),
('2526_ISEN_AP5', 'Promotion 5ème année ISEN Apprentissage 2025-2026');

INSERT INTO `courses` (`code`, `course`, `module`) VALUES
('2526_ISEN_BORDEAUX_CIR2_S3_PROG3', 'Programmation 3 : Orientée Objet', 'Unité d''Enseignement : Informatique S3'),
('2526_ISEN_BORDEAUX_AP5_DEVSECOPS', 'DevSecOPS', 'Unité d''Enseignement SI et développement responsable'),
('2526_ISEN_BORDEAUX_CIR1_S1_PROG1', 'Programmation 1 : Fondamentaux', 'Unité d''enseignement : Informatique S1'),
('2526_ADIMAKER_BORDEAUX_A1_SCI1_MECA', '[ADI1] Mécanique du point S1', 'Unité d''enseignement Sciences de l''Ingénieur 1'),
('2526_ISEN_BORDEAUX_CSI3_S5_ANGLAIS', 'Anglais S1', 'Unité d''Enseignement : Humanités, Langues'),
('2526_ISEN_BORDEAUX_CSI3_S5_MECAQ', 'Mécanique Quantique', 'Unité d''Enseignement : Physique, Electronique'),
('2526_ADIMAKER_BORDEAUX_A2_FHL3_ANGLAIS', '[ADI2] Anglais S3', 'Unité d''enseignement Humanités 3'),
('2526_ADIMAKER_BORDEAUX_A1_INFO1_CMICROALGO', '[ADI1] C Microcontrôleur et Algorithmie 1', 'Unité d''enseignement Informatique 1'),
('2526_ADIMAKER_BORDEAUX_A1_INFO1_WEB', '[ADI1] Web 1', 'Unité d''enseignement Informatique 1'),
('2526_ISEN_BORDEAUX_CIR2_S3_ELECMAG', 'Electromagnétisme', 'Unité d''Enseignement : Physique, Electronique S3'),
('2526_ADIMAKER_BORDEAUX_A1_SCI1_ELECNUM', '[ADI1] Electronique numérique 1', 'Unité d''enseignement Sciences de l''Ingénieur 1'),
('2526_ISEN_BORDEAUX_CSI3_S5_ELEC_NUM1_FPGA', 'Electronique Numérique - FPGA', 'Unité d''Enseignement : Physique, Electronique'),
('2526_ISEN_BORDEAUX_CIR1_S1_MATH2', 'Mathématiques 2 : Analyse', 'Unité d''enseignement : Mathématiques S1'),
('2526_ISEN_BORDEAUX_AP5_BI', 'Business Intelligence', 'Unité d''Enseignement IA et protection des données'),
('2526_ADIMAKER_BORDEAUX_A2_INFO3_IA', '[ADI2] Programmation et IA S3', 'Unité d''enseignement Informatique 3'),
('2526_ISEN_BORDEAUX_CIR1_S1_WEB', 'Développement Web statique', 'Unité d''enseignement : Informatique S1'),
('2526_ADIMAKER_BORDEAUX_A1_MATHS02', '[ADI1] Suites et Fonctions usuelles', 'Unité d''enseignement Mathématiques 1'),
('2526_ISEN_BORDEAUX_CSI3_S5_EDD', 'Enjeu du Développement durable', 'Unité d''Enseignement : Responsabilité sociale et environnementale'),
('2526_ISEN_BORDEAUX_CIR2_S3_MATH6', 'Mathématiques 6 : Analyse avancée', 'Unité d''Enseignement : Mathématiques S3'),
('2526_ISEN_BORDEAUX_AP5_SECURITE_SI', 'Sécurité des SI', 'Unité d''Enseignement SI et développement responsable'),
('2526_ISEN_BORDEAUX_CSI3_S5_ELEC_NUM2_MICROC', 'Electronique Numérique - Microcontrôleur', 'Unité d''Enseignement : Physique, Electronique'),
('2526_ISEN_BORDEAUX_CIR2_S3_ANGLAIS', 'Anglais S1', 'Unité d''Enseignement : Humanités, Langues S3'),
('2526_ISEN_BORDEAUX_AP5_PENTESTING', 'Pentesting', 'Unité d''Enseignement Cybersécurité'),
('2526_ISEN_BORDEAUX_CIR1_S1_COM', 'Communication interpersonnelle - Bases', 'Unité d''enseignement : Humanités, Langues'),
('2526_ADIMAKER_BORDEAUX_A1_PROJET1_BETA', '[ADI1] Projet de Semestre 1', 'Unité d''enseignement Projet 1'),
('2526_ADIMAKER_BORDEAUX_A2_PROJET3_BETA', '[ADI2] Projet de Semestre 3', 'Unité d''enseignement Projets 3'),
('2526_ISEN_BORDEAUX_CIR2_S3_MATH_TP', 'Mathématiques Pratiques S1', 'Unité d''Enseignement : Mathématiques S3'),
('2526_ADIMAKER_BORDEAUX_A2_SCI3_ELECAPP', '[ADI2] Electronique Appliquée S3', 'Unité d''enseignement Sciences de l''Ingénieur 3'),
('2526_ADIMAKER_BORDEAUX_A1_SCI1_MACHINESOUTILS', '[ADI1] Machines Outils 1', 'Unité d''enseignement Sciences de l''Ingénieur 1'),
('2526_ADIMAKER_BORDEAUX_A1_PROJET1_ALPHA', '[ADI1] Projets Techniques S1', 'Unité d''enseignement Projet 1'),
('2526_ADIMAKER_BORDEAUX_A2_PROJET3_ALPHA', '[ADI2] Projets Techniques S3', 'Unité d''enseignement Projets 3'),
('2526_ISEN_BORDEAUX_CSI3_S5_TRANSFO', 'Transformations Intégrales', 'Unité d''Enseignement : Signaux et Systèmes'),
('2526_ADIMAKER_BORDEAUX_A1_FHL1_PPP', '[ADI1] Projet Professionnel et Personnel 1', 'Unité d''enseignement Humanités 1'),
('2526_ADIMAKER_BORDEAUX_A2_FHL3_PPP', '[ADI2] Projet Professionnel et Personnel S3', 'Unité d''enseignement Humanités 3'),
('2526_ISEN_AP5_PROG_MOBILE', 'Android', 'Unité d''Enseignement Développement logiciel'),
('2526_ISEN_BORDEAUX_AP5_PROG_MOBILE', 'Android', 'Unité d''Enseignement Développement logiciel'),
('2526_ISEN_BORDEAUX_CIR1_S1_ELEC_ANA', 'Electronique analogique', 'Unité d''enseignement : Physique, Electronique S1');

INSERT INTO `events` (`id`, `title`, `starts_at`, `ends_at`, `tz_offset_min`, `all_day`, `editable`, `class_name`) VALUES
(66324671, 'Programmation 3 : Orientée Objet
TP
2526_ISEN_BORDEAUX_CIR2
J102_COURS
08:00 - 12:00', '2025-11-10 08:00:00', '2025-11-10 12:00:00', 60, 0, 1, 'TP'),
(68060601, 'DevSecOPS
COURS_TD
2526_ISEN_BORDEAUX_AP5
J205_COURS
08:30 - 12:30', '2025-11-10 08:30:00', '2025-11-10 12:30:00', 60, 0, 1, 'COURS_TD'),
(66318795, 'Programmation 1 : Fondamentaux
COURS_TD
2526_ISEN_BORDEAUX_CIR1
J103_COURS
08:45 - 11:45', '2025-11-10 08:45:00', '2025-11-10 11:45:00', 60, 0, 1, 'COURS_TD'),
(66127452, '[ADI1] Mécanique du point S1
COURS_TD
2526_ADIMAKER_BORDEAUX_A1
J104_COURS
09:00 - 12:00', '2025-11-10 09:00:00', '2025-11-10 12:00:00', 60, 0, 1, 'COURS_TD'),
(67479405, 'Anglais S1
COURS_TD
2526_ISEN_BORDEAUX_CSI3
J111_CUISINE PEDAGOGIQUE
09:00 - 12:00', '2025-11-10 09:00:00', '2025-11-10 12:00:00', 60, 0, 1, 'COURS_TD'),
(66318808, 'Programmation 1 : Fondamentaux
COURS_TD
2526_ISEN_BORDEAUX_CIR1
J103_COURS
12:45 - 15:45', '2025-11-10 12:45:00', '2025-11-10 15:45:00', 60, 0, 1, 'COURS_TD'),
(67491905, 'Mécanique Quantique
COURS_TD
2526_ISEN_BORDEAUX_CSI3
J101_COURS
13:00 - 16:00', '2025-11-10 13:00:00', '2025-11-10 16:00:00', 60, 0, 1, 'COURS_TD'),
(68060622, 'DevSecOPS
COURS_TD
2526_ISEN_BORDEAUX_AP5
J205_COURS
13:30 - 17:30', '2025-11-10 13:30:00', '2025-11-10 17:30:00', 60, 0, 1, 'COURS_TD'),
(66149475, '[ADI2] Anglais S3
COURS_TD
2526_ADIMAKER_BORDEAUX_A2
J102_COURS
13:30 - 16:30', '2025-11-10 13:30:00', '2025-11-10 16:30:00', 60, 0, 1, 'COURS_TD'),
(66794390, '[ADI1] C Microcontrôleur et Algorithmie 1
COURS_TD
2526_ADIMAKER_BORDEAUX_A1
J104_COURS
13:30 - 15:30', '2025-11-10 13:30:00', '2025-11-10 15:30:00', 60, 0, 1, 'COURS_TD'),
(66144506, '[ADI1] Web 1
COURS_TD
2526_ADIMAKER_BORDEAUX_A1
J104_COURS
15:30 - 16:30', '2025-11-10 15:30:00', '2025-11-10 16:30:00', 60, 0, 1, 'COURS_TD'),
(66362622, 'Electromagnétisme
COURS_TD
2526_ISEN_BORDEAUX_CIR2
J203_COURS
08:00 - 10:00', '2025-11-12 08:00:00', '2025-11-12 10:00:00', 60, 0, 1, 'COURS_TD'),
(70148254, '[ADI1] Electronique numérique 1
COURS_TD
2526_ADIMAKER_BORDEAUX_A1
J102_COURS
08:00 - 12:00', '2025-11-12 08:00:00', '2025-11-12 12:00:00', 60, 0, 1, 'COURS_TD'),
(67492495, 'Electronique Numérique - FPGA
TP
2526_ISEN_BORDEAUX_CSI3
J106_TP HYBRIDE
08:30 - 12:30', '2025-11-12 08:30:00', '2025-11-12 12:30:00', 60, 0, 1, 'TP'),
(66322492, 'Mathématiques 2 : Analyse
COURS_TD
2526_ISEN_BORDEAUX_CIR1
J103_COURS
08:30 - 12:30', '2025-11-12 08:30:00', '2025-11-12 12:30:00', 60, 0, 1, 'COURS_TD'),
(67565968, 'Business Intelligence
COURS_TD
2526_ISEN_BORDEAUX_AP5
J205_COURS
08:30 - 12:30', '2025-11-12 08:30:00', '2025-11-12 12:30:00', 60, 0, 1, 'COURS_TD'),
(72030713, 'SOUTENANCE

J111_CUISINE PEDAGOGIQUE
09:00 - 11:00', '2025-11-12 09:00:00', '2025-11-12 11:00:00', 60, 0, 1, 'SOUTENANCE'),
(66151218, '[ADI2] Programmation et IA S3
COURS_TD
2526_ADIMAKER_BORDEAUX_A2
J102_COURS
13:00 - 17:00', '2025-11-12 13:00:00', '2025-11-12 17:00:00', 60, 0, 1, 'COURS_TD'),
(66319125, 'Développement Web statique
PROJET
2526_ISEN_BORDEAUX_CIR1
J103_COURS
13:30 - 16:30', '2025-11-12 13:30:00', '2025-11-12 16:30:00', 60, 0, 1, 'PROJET'),
(66127007, '[ADI1] Suites et Fonctions usuelles
COURS_TD
2526_ADIMAKER_BORDEAUX_A1
J104_COURS
13:30 - 16:30', '2025-11-12 13:30:00', '2025-11-12 16:30:00', 60, 0, 1, 'COURS_TD'),
(68937981, 'Enjeu du Développement durable
AUTO_APPR
2526_ISEN_BORDEAUX_CSI3
J101_COURS
13:30 - 16:30', '2025-11-12 13:30:00', '2025-11-12 16:30:00', 60, 0, 1, 'AUTO_APPR'),
(66363711, 'Mathématiques 6 : Analyse avancée
COURS_TD
2526_ISEN_BORDEAUX_CIR2
J206_COURS
13:30 - 17:30', '2025-11-12 13:30:00', '2025-11-12 17:30:00', 60, 0, 1, 'COURS_TD'),
(68876442, 'Sécurité des SI
COURS_TD
2526_ISEN_BORDEAUX_AP5
J003_SALLE COURS INFORMATIQUE
13:30 - 17:00', '2025-11-12 13:30:00', '2025-11-12 17:00:00', 60, 0, 1, 'COURS_TD'),
(68872756, 'AUTO_APPR
2526_ISEN_BORDEAUX_AP5 / 2526_ISEN_BORDEAUX_AP5_DEV
J204_COURS
08:30 - 12:30', '2025-11-13 08:30:00', '2025-11-13 12:30:00', 60, 0, 1, 'AUTO_APPR'),
(68936081, 'Electronique Numérique - Microcontrôleur
TP
2526_ISEN_BORDEAUX_CSI3
J106_TP HYBRIDE
08:30 - 12:30', '2025-11-13 08:30:00', '2025-11-13 12:30:00', 60, 0, 1, 'TP'),
(66363438, 'Anglais S1
COURS_TD
2526_ISEN_BORDEAUX_CIR2
J102_COURS
08:30 - 11:30', '2025-11-13 08:30:00', '2025-11-13 11:30:00', 60, 0, 1, 'COURS_TD'),
(68060867, 'Pentesting
TP
2526_ISEN_BORDEAUX_AP5 / 2526_ISEN_BORDEAUX_AP5_CYBER
J107_TP INFORMATIQUE
08:30 - 12:30', '2025-11-13 08:30:00', '2025-11-13 12:30:00', 60, 0, 1, 'TP'),
(68060867, 'Pentesting
TP
2526_ISEN_BORDEAUX_AP5 / 2526_ISEN_BORDEAUX_AP5_CYBER
J107_TP INFORMATIQUE
08:30 - 12:30', '2025-11-13 08:30:00', '2025-11-13 12:30:00', 60, 0, 1, 'TP'),
(66319766, 'Communication interpersonnelle - Bases
COURS_TD
2526_ISEN_BORDEAUX_CIR1
J103_COURS
08:30 - 12:30', '2025-11-13 08:30:00', '2025-11-13 12:30:00', 60, 0, 1, 'COURS_TD'),
(68872756, 'AUTO_APPR
2526_ISEN_BORDEAUX_AP5 / 2526_ISEN_BORDEAUX_AP5_DEV
J204_COURS
08:30 - 12:30', '2025-11-13 08:30:00', '2025-11-13 12:30:00', 60, 0, 1, 'AUTO_APPR'),
(66133095, '[ADI1] Projet de Semestre 1
PROJET
2526_ADIMAKER_BORDEAUX_A1 / 2526_ADIMAKER_BORDEAUX_A2
J001_FABLAB
09:00 - 12:30', '2025-11-13 09:00:00', '2025-11-13 12:30:00', 60, 0, 1, 'PROJET'),
(66133095, '[ADI1] Projet de Semestre 1
PROJET
2526_ADIMAKER_BORDEAUX_A1 / 2526_ADIMAKER_BORDEAUX_A2
J001_FABLAB
09:00 - 12:30', '2025-11-13 09:00:00', '2025-11-13 12:30:00', 60, 0, 1, 'PROJET'),
(66133095, '[ADI1] Projet de Semestre 1
PROJET
2526_ADIMAKER_BORDEAUX_A1 / 2526_ADIMAKER_BORDEAUX_A2
J001_FABLAB
09:00 - 12:30', '2025-11-13 09:00:00', '2025-11-13 12:30:00', 60, 0, 1, 'PROJET'),
(68060850, 'Pentesting
TP
2526_ISEN_BORDEAUX_AP5 / 2526_ISEN_BORDEAUX_AP5_CYBER
J107_TP INFORMATIQUE
13:30 - 17:30', '2025-11-13 13:30:00', '2025-11-13 17:30:00', 60, 0, 1, 'TP'),
(66363657, 'Mathématiques Pratiques S1
TP
2526_ISEN_BORDEAUX_CIR2
J102_COURS
13:30 - 15:30', '2025-11-13 13:30:00', '2025-11-13 15:30:00', 60, 0, 1, 'TP'),
(68060850, 'Pentesting
TP
2526_ISEN_BORDEAUX_AP5 / 2526_ISEN_BORDEAUX_AP5_CYBER
J107_TP INFORMATIQUE
13:30 - 17:30', '2025-11-13 13:30:00', '2025-11-13 17:30:00', 60, 0, 1, 'TP'),
(68922427, '[ADI2] Electronique Appliquée S3
DS_SURV
2526_ADIMAKER_BORDEAUX_A2
J103_COURS
13:30 - 14:30', '2025-11-13 13:30:00', '2025-11-13 14:30:00', 60, 0, 1, 'est-epreuve'),
(71166178, 'CONF
2526_ISEN_BORDEAUX_CIR1
J203_COURS
13:30 - 14:30', '2025-11-13 13:30:00', '2025-11-13 14:30:00', 60, 0, 1, 'CONF'),
(68915727, '[ADI1] Suites et Fonctions usuelles
DS_SURV
2526_ADIMAKER_BORDEAUX_A1
J104_COURS
13:30 - 14:30', '2025-11-13 13:30:00', '2025-11-13 14:30:00', 60, 0, 1, 'est-epreuve'),
(71168252, 'CONF
2526_ISEN_BORDEAUX_CSI3
J203_COURS
14:30 - 15:30', '2025-11-13 14:30:00', '2025-11-13 15:30:00', 60, 0, 1, 'CONF'),
(71170163, 'CONF
2526_ISEN_BORDEAUX_CIR2
J104_COURS
18:00 - 19:00', '2025-11-13 18:00:00', '2025-11-13 19:00:00', 60, 0, 1, 'CONF'),
(66322504, 'Mathématiques 2 : Analyse
COURS_TD
2526_ISEN_BORDEAUX_CIR1
J103_COURS
08:00 - 12:00', '2025-11-14 08:00:00', '2025-11-14 12:00:00', 60, 0, 1, 'COURS_TD'),
(66145103, '[ADI1] Machines Outils 1
TP
2526_ADIMAKER_BORDEAUX_A1
J001_FABLAB
08:30 - 12:00', '2025-11-14 08:30:00', '2025-11-14 12:00:00', 60, 0, 1, 'TP'),
(66144080, '[ADI1] Projets Techniques S1
PROJET
2526_ADIMAKER_BORDEAUX_A1 / 2526_ADIMAKER_BORDEAUX_A2
J004_COURS_PROTOTYPAGE
08:30 - 12:00', '2025-11-14 08:30:00', '2025-11-14 12:00:00', 60, 0, 1, 'PROJET'),
(67492159, 'Transformations Intégrales
COURS_TD
2526_ISEN_BORDEAUX_CSI3
J104_COURS
08:30 - 12:30', '2025-11-14 08:30:00', '2025-11-14 12:30:00', 60, 0, 1, 'COURS_TD'),
(66144080, '[ADI1] Projets Techniques S1
PROJET
2526_ADIMAKER_BORDEAUX_A1 / 2526_ADIMAKER_BORDEAUX_A2
J004_COURS_PROTOTYPAGE
08:30 - 12:00', '2025-11-14 08:30:00', '2025-11-14 12:00:00', 60, 0, 1, 'PROJET'),
(68060611, 'DevSecOPS
COURS_TD
2526_ISEN_BORDEAUX_AP5
J205_COURS
08:30 - 12:30', '2025-11-14 08:30:00', '2025-11-14 12:30:00', 60, 0, 1, 'COURS_TD'),
(66362518, 'Electromagnétisme
COURS_TD
2526_ISEN_BORDEAUX_CIR2
J102_COURS
09:00 - 12:00', '2025-11-14 09:00:00', '2025-11-14 12:00:00', 60, 0, 1, 'COURS_TD'),
(66921036, '[ADI1] Projet Professionnel et Personnel 1
REUNION
2526_ADIMAKER_BORDEAUX_A1 / 2526_ISEN_BORDEAUX_CIR1
J109_CLASSLAB
13:00 - 14:00', '2025-11-14 13:00:00', '2025-11-14 14:00:00', 60, 0, 1, 'REUNION'),
(66920918, '[ADI2] Projet Professionnel et Personnel S3
REUNION
2526_ADIMAKER_BORDEAUX_A2 / 2526_ISEN_BORDEAUX_CIR2
J103_COURS
13:00 - 14:00', '2025-11-14 13:00:00', '2025-11-14 14:00:00', 60, 0, 1, 'REUNION'),
(68061040, 'Android
COURS_TD_DIST
2526_ISEN_AP5 / 2526_ISEN_AP5 / 2526_ISEN_BORDEAUX_AP5 / 2526_ISEN_BORDEAUX_AP5 / 2526_ISEN_BORDEAUX_AP5_DEV / 2526_ISEN_BORDEAUX_AP5_DEV
J003_SALLE COURS INFORMATIQUE
13:30 - 17:45', '2025-11-14 13:30:00', '2025-11-14 17:45:00', 60, 0, 1, 'COURS_TD_DIST'),
(67492173, 'Transformations Intégrales
TP
2526_ISEN_BORDEAUX_CSI3
J101_COURS
13:30 - 17:30', '2025-11-14 13:30:00', '2025-11-14 17:30:00', 60, 0, 1, 'TP'),
(66315182, 'Electronique analogique
COURS_TD
2526_ISEN_BORDEAUX_CIR1
J104_COURS
14:00 - 17:00', '2025-11-14 14:00:00', '2025-11-14 17:00:00', 60, 0, 1, 'COURS_TD'),
(66133845, '[ADI1] Projet de Semestre 1
PROJET
2526_ADIMAKER_BORDEAUX_A1 / 2526_ADIMAKER_BORDEAUX_A2
J001_FABLAB
14:00 - 17:30', '2025-11-14 14:00:00', '2025-11-14 17:30:00', 60, 0, 1, 'PROJET'),
(66133845, '[ADI1] Projet de Semestre 1
PROJET
2526_ADIMAKER_BORDEAUX_A1 / 2526_ADIMAKER_BORDEAUX_A2
J001_FABLAB
14:00 - 17:30', '2025-11-14 14:00:00', '2025-11-14 17:30:00', 60, 0, 1, 'PROJET'),
(66363735, 'Mathématiques 6 : Analyse avancée
COURS_TD
2526_ISEN_BORDEAUX_CIR2
J102_COURS
14:00 - 18:00', '2025-11-14 14:00:00', '2025-11-14 18:00:00', 60, 0, 1, 'COURS_TD'),
(66133845, '[ADI1] Projet de Semestre 1
PROJET
2526_ADIMAKER_BORDEAUX_A1 / 2526_ADIMAKER_BORDEAUX_A2
J001_FABLAB
14:00 - 17:30', '2025-11-14 14:00:00', '2025-11-14 17:30:00', 60, 0, 1, 'PROJET');

INSERT INTO `event_students` (`event_id`, `student_id`) VALUES
(66127007, 54),
(66127007, 55),
(66127007, 56),
(66127007, 57),
(66127007, 58),
(66127007, 59),
(66127007, 60),
(66127007, 61),
(66127007, 62),
(66127007, 63),
(66127007, 64),
(66127007, 65),
(66127007, 66),
(66127007, 67),
(66127007, 68),
(66127007, 69),
(66127007, 70),
(66127007, 71),
(66127007, 72),
(66127007, 73),
(66127007, 74),
(66127007, 75),
(66127007, 76),
(66127007, 77),
(66127007, 78),
(66127007, 79),
(66127452, 54),
(66127452, 55),
(66127452, 56),
(66127452, 57),
(66127452, 58),
(66127452, 59),
(66127452, 60),
(66127452, 61),
(66127452, 62),
(66127452, 63),
(66127452, 64),
(66127452, 65),
(66127452, 66),
(66127452, 67),
(66127452, 68),
(66127452, 69),
(66127452, 70),
(66127452, 71),
(66127452, 72),
(66127452, 73),
(66127452, 74),
(66127452, 75),
(66127452, 76),
(66127452, 77),
(66127452, 78),
(66127452, 79),
(66133095, 54),
(66133095, 55),
(66133095, 56),
(66133095, 57),
(66133095, 58),
(66133095, 59),
(66133095, 60),
(66133095, 61),
(66133095, 62),
(66133095, 63),
(66133095, 64),
(66133095, 65),
(66133095, 66),
(66133095, 67),
(66133095, 68),
(66133095, 69),
(66133095, 70),
(66133095, 71),
(66133095, 72),
(66133095, 73),
(66133095, 74),
(66133095, 75),
(66133095, 76),
(66133095, 77),
(66133095, 78),
(66133095, 79),
(66133095, 89),
(66133095, 90),
(66133095, 91),
(66133095, 92),
(66133095, 93),
(66133095, 94),
(66133095, 95),
(66133095, 96),
(66133095, 97),
(66133095, 98),
(66133095, 99),
(66133095, 100),
(66133095, 101),
(66133095, 102),
(66133095, 103),
(66133095, 104),
(66133095, 105),
(66133095, 106),
(66133095, 107),
(66133095, 108),
(66133095, 109),
(66133095, 110),
(66133095, 111),
(66133095, 112),
(66133095, 113),
(66133095, 114),
(66133845, 54),
(66133845, 55),
(66133845, 56),
(66133845, 57),
(66133845, 58),
(66133845, 59),
(66133845, 60),
(66133845, 61),
(66133845, 62),
(66133845, 63),
(66133845, 64),
(66133845, 65),
(66133845, 66),
(66133845, 67),
(66133845, 68),
(66133845, 69),
(66133845, 70),
(66133845, 71),
(66133845, 72),
(66133845, 73),
(66133845, 74),
(66133845, 75),
(66133845, 76),
(66133845, 77),
(66133845, 78),
(66133845, 79),
(66133845, 89),
(66133845, 90),
(66133845, 91),
(66133845, 92),
(66133845, 93),
(66133845, 94),
(66133845, 95),
(66133845, 96),
(66133845, 97),
(66133845, 98),
(66133845, 99),
(66133845, 100),
(66133845, 101),
(66133845, 102),
(66133845, 103),
(66133845, 104),
(66133845, 105),
(66133845, 106),
(66133845, 107),
(66133845, 108),
(66133845, 109),
(66133845, 110),
(66133845, 111),
(66133845, 112),
(66133845, 113),
(66133845, 114),
(66144080, 89),
(66144080, 90),
(66144080, 91),
(66144080, 92),
(66144080, 93),
(66144080, 94),
(66144080, 95),
(66144080, 96),
(66144080, 97),
(66144080, 98),
(66144080, 99),
(66144080, 100),
(66144080, 101),
(66144080, 102),
(66144080, 103),
(66144080, 104),
(66144080, 105),
(66144080, 106),
(66144080, 107),
(66144080, 108),
(66144080, 109),
(66144080, 110),
(66144080, 111),
(66144080, 112),
(66144080, 113),
(66144080, 114),
(66144506, 54),
(66144506, 55),
(66144506, 56),
(66144506, 57),
(66144506, 58),
(66144506, 59),
(66144506, 60),
(66144506, 61),
(66144506, 62),
(66144506, 63),
(66144506, 64),
(66144506, 65),
(66144506, 66),
(66144506, 67),
(66144506, 68),
(66144506, 69),
(66144506, 70),
(66144506, 71),
(66144506, 72),
(66144506, 73),
(66144506, 74),
(66144506, 75),
(66144506, 76),
(66144506, 77),
(66144506, 78),
(66144506, 79),
(66145103, 54),
(66145103, 55),
(66145103, 56),
(66145103, 57),
(66145103, 58),
(66145103, 59),
(66145103, 60),
(66145103, 61),
(66145103, 62),
(66145103, 63),
(66145103, 64),
(66145103, 65),
(66145103, 66),
(66145103, 67),
(66145103, 68),
(66145103, 69),
(66145103, 70),
(66145103, 71),
(66145103, 72),
(66145103, 73),
(66145103, 74),
(66145103, 75),
(66145103, 76),
(66145103, 77),
(66145103, 78),
(66145103, 79),
(66149475, 89),
(66149475, 90),
(66149475, 91),
(66149475, 92),
(66149475, 93),
(66149475, 94),
(66149475, 95),
(66149475, 96),
(66149475, 97),
(66149475, 98),
(66149475, 99),
(66149475, 100),
(66149475, 101),
(66149475, 102),
(66149475, 103),
(66149475, 104),
(66149475, 105),
(66149475, 106),
(66149475, 107),
(66149475, 108),
(66149475, 109),
(66149475, 110),
(66149475, 111),
(66149475, 112),
(66149475, 113),
(66149475, 114),
(66151218, 89),
(66151218, 90),
(66151218, 91),
(66151218, 92),
(66151218, 93),
(66151218, 94),
(66151218, 95),
(66151218, 96),
(66151218, 97),
(66151218, 98),
(66151218, 99),
(66151218, 100),
(66151218, 101),
(66151218, 102),
(66151218, 103),
(66151218, 104),
(66151218, 105),
(66151218, 106),
(66151218, 107),
(66151218, 108),
(66151218, 109),
(66151218, 110),
(66151218, 111),
(66151218, 112),
(66151218, 113),
(66151218, 114),
(66315182, 37),
(66315182, 38),
(66315182, 39),
(66315182, 40),
(66315182, 41),
(66315182, 42),
(66315182, 43),
(66315182, 44),
(66315182, 45),
(66315182, 46),
(66315182, 47),
(66315182, 48),
(66315182, 49),
(66315182, 50),
(66315182, 51),
(66315182, 52),
(66315182, 53),
(66318795, 37),
(66318795, 38),
(66318795, 39),
(66318795, 40),
(66318795, 41),
(66318795, 42),
(66318795, 43),
(66318795, 44),
(66318795, 45),
(66318795, 46),
(66318795, 47),
(66318795, 48),
(66318795, 49),
(66318795, 50),
(66318795, 51),
(66318795, 52),
(66318795, 53),
(66318808, 37),
(66318808, 38),
(66318808, 39),
(66318808, 40),
(66318808, 41),
(66318808, 42),
(66318808, 43),
(66318808, 44),
(66318808, 45),
(66318808, 46),
(66318808, 47),
(66318808, 48),
(66318808, 49),
(66318808, 50),
(66318808, 51),
(66318808, 52),
(66318808, 53),
(66319125, 37),
(66319125, 38),
(66319125, 39),
(66319125, 40),
(66319125, 41),
(66319125, 42),
(66319125, 43),
(66319125, 44),
(66319125, 45),
(66319125, 46),
(66319125, 47),
(66319125, 48),
(66319125, 49),
(66319125, 50),
(66319125, 51),
(66319125, 52),
(66319125, 53),
(66319766, 37),
(66319766, 38),
(66319766, 39),
(66319766, 40),
(66319766, 41),
(66319766, 42),
(66319766, 43),
(66319766, 44),
(66319766, 45),
(66319766, 46),
(66319766, 47),
(66319766, 48),
(66319766, 49),
(66319766, 50),
(66319766, 51),
(66319766, 52),
(66319766, 53),
(66322492, 37),
(66322492, 38),
(66322492, 39),
(66322492, 40),
(66322492, 41),
(66322492, 42),
(66322492, 43),
(66322492, 44),
(66322492, 45),
(66322492, 46),
(66322492, 47),
(66322492, 48),
(66322492, 49),
(66322492, 50),
(66322492, 51),
(66322492, 52),
(66322492, 53),
(66322504, 37),
(66322504, 38),
(66322504, 39),
(66322504, 40),
(66322504, 41),
(66322504, 42),
(66322504, 43),
(66322504, 44),
(66322504, 45),
(66322504, 46),
(66322504, 47),
(66322504, 48),
(66322504, 49),
(66322504, 50),
(66322504, 51),
(66322504, 52),
(66322504, 53),
(66324671, 1),
(66324671, 2),
(66324671, 3),
(66324671, 4),
(66324671, 5),
(66324671, 6),
(66324671, 7),
(66324671, 8),
(66324671, 9),
(66324671, 10),
(66324671, 11),
(66324671, 12),
(66324671, 13),
(66324671, 14),
(66324671, 15),
(66324671, 16),
(66324671, 17),
(66324671, 18),
(66362518, 1),
(66362518, 2),
(66362518, 3),
(66362518, 4),
(66362518, 5),
(66362518, 6),
(66362518, 7),
(66362518, 8),
(66362518, 9),
(66362518, 10),
(66362518, 11),
(66362518, 12),
(66362518, 13),
(66362518, 14),
(66362518, 15),
(66362518, 16),
(66362518, 17),
(66362518, 18),
(66362622, 1),
(66362622, 2),
(66362622, 3),
(66362622, 4),
(66362622, 5),
(66362622, 6),
(66362622, 7),
(66362622, 8),
(66362622, 9),
(66362622, 10),
(66362622, 11),
(66362622, 12),
(66362622, 13),
(66362622, 14),
(66362622, 15),
(66362622, 16),
(66362622, 17),
(66362622, 18),
(66363438, 1),
(66363438, 2),
(66363438, 3),
(66363438, 4),
(66363438, 5),
(66363438, 6),
(66363438, 7),
(66363438, 8),
(66363438, 9),
(66363438, 10),
(66363438, 11),
(66363438, 12),
(66363438, 13),
(66363438, 14),
(66363438, 15),
(66363438, 16),
(66363438, 17),
(66363438, 18),
(66363657, 1),
(66363657, 2),
(66363657, 3),
(66363657, 4),
(66363657, 5),
(66363657, 6),
(66363657, 7),
(66363657, 8),
(66363657, 9),
(66363657, 10),
(66363657, 11),
(66363657, 12),
(66363657, 13),
(66363657, 14),
(66363657, 15),
(66363657, 16),
(66363657, 17),
(66363657, 18),
(66363711, 1),
(66363711, 2),
(66363711, 3),
(66363711, 4),
(66363711, 5);

INSERT INTO `event_students` (`event_id`, `student_id`) VALUES
(66363711, 6),
(66363711, 7),
(66363711, 8),
(66363711, 9),
(66363711, 10),
(66363711, 11),
(66363711, 12),
(66363711, 13),
(66363711, 14),
(66363711, 15),
(66363711, 16),
(66363711, 17),
(66363711, 18),
(66363735, 1),
(66363735, 2),
(66363735, 3),
(66363735, 4),
(66363735, 5),
(66363735, 6),
(66363735, 7),
(66363735, 8),
(66363735, 9),
(66363735, 10),
(66363735, 11),
(66363735, 12),
(66363735, 13),
(66363735, 14),
(66363735, 15),
(66363735, 16),
(66363735, 17),
(66363735, 18),
(66794390, 54),
(66794390, 55),
(66794390, 56),
(66794390, 57),
(66794390, 58),
(66794390, 59),
(66794390, 60),
(66794390, 61),
(66794390, 62),
(66794390, 63),
(66794390, 64),
(66794390, 65),
(66794390, 66),
(66794390, 67),
(66794390, 68),
(66794390, 69),
(66794390, 70),
(66794390, 71),
(66794390, 72),
(66794390, 73),
(66794390, 74),
(66794390, 75),
(66794390, 76),
(66794390, 77),
(66794390, 78),
(66794390, 79),
(66920918, 1),
(66920918, 2),
(66920918, 3),
(66920918, 4),
(66920918, 5),
(66920918, 6),
(66920918, 7),
(66920918, 8),
(66920918, 9),
(66920918, 10),
(66920918, 11),
(66920918, 12),
(66920918, 13),
(66920918, 14),
(66920918, 15),
(66920918, 16),
(66920918, 17),
(66920918, 18),
(66920918, 89),
(66920918, 90),
(66920918, 91),
(66920918, 92),
(66920918, 93),
(66920918, 94),
(66920918, 95),
(66920918, 96),
(66920918, 97),
(66920918, 98),
(66920918, 99),
(66920918, 100),
(66920918, 101),
(66920918, 102),
(66920918, 103),
(66920918, 104),
(66920918, 105),
(66920918, 106),
(66920918, 107),
(66920918, 108),
(66920918, 109),
(66920918, 110),
(66920918, 111),
(66920918, 112),
(66920918, 113),
(66920918, 114),
(66921036, 37),
(66921036, 38),
(66921036, 39),
(66921036, 40),
(66921036, 41),
(66921036, 42),
(66921036, 43),
(66921036, 44),
(66921036, 45),
(66921036, 46),
(66921036, 47),
(66921036, 48),
(66921036, 49),
(66921036, 50),
(66921036, 51),
(66921036, 52),
(66921036, 53),
(66921036, 54),
(66921036, 55),
(66921036, 56),
(66921036, 57),
(66921036, 58),
(66921036, 59),
(66921036, 60),
(66921036, 61),
(66921036, 62),
(66921036, 63),
(66921036, 64),
(66921036, 65),
(66921036, 66),
(66921036, 67),
(66921036, 68),
(66921036, 69),
(66921036, 70),
(66921036, 71),
(66921036, 72),
(66921036, 73),
(66921036, 74),
(66921036, 75),
(66921036, 76),
(66921036, 77),
(66921036, 78),
(66921036, 79),
(67479405, 80),
(67479405, 81),
(67479405, 82),
(67479405, 83),
(67479405, 84),
(67479405, 85),
(67479405, 86),
(67479405, 87),
(67479405, 88),
(67491905, 80),
(67491905, 81),
(67491905, 82),
(67491905, 83),
(67491905, 84),
(67491905, 85),
(67491905, 86),
(67491905, 87),
(67491905, 88),
(67492159, 80),
(67492159, 81),
(67492159, 82),
(67492159, 83),
(67492159, 84),
(67492159, 85),
(67492159, 86),
(67492159, 87),
(67492159, 88),
(67492173, 80),
(67492173, 81),
(67492173, 82),
(67492173, 83),
(67492173, 84),
(67492173, 85),
(67492173, 86),
(67492173, 87),
(67492173, 88),
(67492495, 80),
(67492495, 81),
(67492495, 82),
(67492495, 83),
(67492495, 84),
(67492495, 85),
(67492495, 86),
(67492495, 87),
(67492495, 88),
(67565968, 19),
(67565968, 20),
(67565968, 21),
(67565968, 22),
(67565968, 23),
(67565968, 24),
(67565968, 25),
(67565968, 26),
(67565968, 27),
(67565968, 28),
(67565968, 29),
(67565968, 30),
(67565968, 31),
(67565968, 32),
(67565968, 33),
(67565968, 34),
(67565968, 35),
(67565968, 36),
(68060601, 19),
(68060601, 20),
(68060601, 21),
(68060601, 22),
(68060601, 23),
(68060601, 24),
(68060601, 25),
(68060601, 26),
(68060601, 27),
(68060601, 28),
(68060601, 29),
(68060601, 30),
(68060601, 31),
(68060601, 32),
(68060601, 33),
(68060601, 34),
(68060601, 35),
(68060601, 36),
(68060611, 19),
(68060611, 20),
(68060611, 21),
(68060611, 22),
(68060611, 23),
(68060611, 24),
(68060611, 25),
(68060611, 26),
(68060611, 27),
(68060611, 28),
(68060611, 29),
(68060611, 30),
(68060611, 31),
(68060611, 32),
(68060611, 33),
(68060611, 34),
(68060611, 35),
(68060611, 36),
(68060622, 19),
(68060622, 20),
(68060622, 21),
(68060622, 22),
(68060622, 23),
(68060622, 24),
(68060622, 25),
(68060622, 26),
(68060622, 27),
(68060622, 28),
(68060622, 29),
(68060622, 30),
(68060622, 31),
(68060622, 32),
(68060622, 33),
(68060622, 34),
(68060622, 35),
(68060622, 36),
(68060850, 22),
(68060850, 25),
(68060850, 32),
(68060850, 33),
(68060867, 22),
(68060867, 25),
(68060867, 32),
(68060867, 33),
(68061040, 19),
(68061040, 20),
(68061040, 21),
(68061040, 23),
(68061040, 24),
(68061040, 26),
(68061040, 27),
(68061040, 28),
(68061040, 29),
(68061040, 30),
(68061040, 31),
(68061040, 34),
(68061040, 35),
(68061040, 36),
(68061040, 115),
(68061040, 116),
(68061040, 117),
(68061040, 118),
(68061040, 119),
(68061040, 120),
(68061040, 121),
(68061040, 122),
(68061040, 123),
(68061040, 124),
(68061040, 125),
(68061040, 126),
(68061040, 127),
(68872756, 19),
(68872756, 20),
(68872756, 21),
(68872756, 23),
(68872756, 24),
(68872756, 26),
(68872756, 27),
(68872756, 28),
(68872756, 29),
(68872756, 30),
(68872756, 31),
(68872756, 34),
(68872756, 35),
(68872756, 36),
(68876442, 19),
(68876442, 20),
(68876442, 21),
(68876442, 22),
(68876442, 23),
(68876442, 24),
(68876442, 25),
(68876442, 26),
(68876442, 27),
(68876442, 28),
(68876442, 29),
(68876442, 30),
(68876442, 31),
(68876442, 32),
(68876442, 33),
(68876442, 34),
(68876442, 35),
(68876442, 36),
(68915727, 54),
(68915727, 55),
(68915727, 56),
(68915727, 57),
(68915727, 58),
(68915727, 59),
(68915727, 60),
(68915727, 61),
(68915727, 62),
(68915727, 63),
(68915727, 64),
(68915727, 65),
(68915727, 66),
(68915727, 67),
(68915727, 68),
(68915727, 69),
(68915727, 70),
(68915727, 71),
(68915727, 72),
(68915727, 73),
(68915727, 74),
(68915727, 75),
(68915727, 76),
(68915727, 77),
(68915727, 78),
(68915727, 79),
(68922427, 89),
(68922427, 90),
(68922427, 91),
(68922427, 92),
(68922427, 93),
(68922427, 94),
(68922427, 95),
(68922427, 96),
(68922427, 97),
(68922427, 98),
(68922427, 99),
(68922427, 100),
(68922427, 101),
(68922427, 102),
(68922427, 103),
(68922427, 104),
(68922427, 105),
(68922427, 106),
(68922427, 107),
(68922427, 108),
(68922427, 109),
(68922427, 110),
(68922427, 111),
(68922427, 112),
(68922427, 113),
(68922427, 114),
(68936081, 80),
(68936081, 81),
(68936081, 82),
(68936081, 83),
(68936081, 84),
(68936081, 85),
(68936081, 86),
(68936081, 87),
(68936081, 88),
(68937981, 80),
(68937981, 81),
(68937981, 82),
(68937981, 83),
(68937981, 84),
(68937981, 85),
(68937981, 86),
(68937981, 87),
(68937981, 88),
(70148254, 54),
(70148254, 55),
(70148254, 56),
(70148254, 57),
(70148254, 58),
(70148254, 59),
(70148254, 60),
(70148254, 61),
(70148254, 62),
(70148254, 63),
(70148254, 64),
(70148254, 65),
(70148254, 66),
(70148254, 67),
(70148254, 68),
(70148254, 69),
(70148254, 70),
(70148254, 71),
(70148254, 72),
(70148254, 73),
(70148254, 74),
(70148254, 75),
(70148254, 76),
(70148254, 77),
(70148254, 78),
(70148254, 79),
(71166178, 37),
(71166178, 38),
(71166178, 39),
(71166178, 40),
(71166178, 41),
(71166178, 42),
(71166178, 43),
(71166178, 44),
(71166178, 45),
(71166178, 46),
(71166178, 47),
(71166178, 48),
(71166178, 49),
(71166178, 50),
(71166178, 51),
(71166178, 52),
(71166178, 53),
(71168252, 80),
(71168252, 81),
(71168252, 82),
(71168252, 83),
(71168252, 84),
(71168252, 85),
(71168252, 86),
(71168252, 87),
(71168252, 88),
(71170163, 1),
(71170163, 2),
(71170163, 3),
(71170163, 4),
(71170163, 5),
(71170163, 6),
(71170163, 7),
(71170163, 8),
(71170163, 9),
(71170163, 10),
(71170163, 11),
(71170163, 12),
(71170163, 13),
(71170163, 14),
(71170163, 15),
(71170163, 16),
(71170163, 17),
(71170163, 18);

INSERT INTO `event_lecturers` (`event_id`, `lecturer_id`) VALUES
(66127007, 11),
(66127452, 4),
(66133095, 11),
(66133095, 17),
(66133845, 17),
(66133845, 20),
(66144080, 17),
(66144506, 1),
(66145103, 17),
(66149475, 5),
(66151218, 1),
(66315182, 4),
(66318795, 3),
(66318808, 3),
(66319125, 10),
(66319766, 16),
(66322492, 8),
(66322504, 8),
(66324671, 1),
(66362518, 6),
(66362622, 6),
(66363438, 5),
(66363657, 11),
(66363711, 8),
(66363735, 8),
(66794390, 1),
(66920918, 12),
(66920918, 19),
(66921036, 12),
(66921036, 20),
(67479405, 5),
(67491905, 4),
(67492159, 11),
(67492173, 11),
(67492495, 7),
(67565968, 9),
(68060601, 2),
(68060611, 2),
(68060622, 2),
(68060850, 15),
(68060867, 15),
(68061040, 21),
(68872756, 12),
(68876442, 13),
(68915727, 11),
(68915727, 12),
(68915727, 18),
(68922427, 4),
(68922427, 12),
(68922427, 18),
(68936081, 14),
(68937981, 12),
(70148254, 1),
(71166178, 12),
(71166178, 19),
(71168252, 19),
(71170163, 12),
(71170163, 19);

INSERT INTO `event_resources` (`event_id`, `resource_code`) VALUES
(66127007, 'BDX_J104_FA148_COURS'),
(66127452, 'BDX_J104_FA148_COURS'),
(66133095, 'BDX_J001_FA016_FABLAB'),
(66133095, 'BDX_J004_FA029_COURS_PROTOTYPAGE'),
(66133095, 'BDX_J005_FA032_SALLE_CODESIGN'),
(66133845, 'BDX_J001_FA016_FABLAB'),
(66133845, 'BDX_J004_FA029_COURS_PROTOTYPAGE'),
(66133845, 'BDX_J005_FA032_SALLE_CODESIGN'),
(66144080, 'BDX_J004_FA029_COURS_PROTOTYPAGE'),
(66144080, 'BDX_J005_FA032_SALLE_CODESIGN'),
(66144506, 'BDX_J104_FA148_COURS'),
(66145103, 'BDX_J001_FA016_FABLAB'),
(66149475, 'BDX_J102_FA140_COURS'),
(66151218, 'BDX_J102_FA140_COURS'),
(66315182, 'BDX_J104_FA148_COURS'),
(66318795, 'BDX_J103_FA143_COURS'),
(66318808, 'BDX_J103_FA143_COURS'),
(66319125, 'BDX_J103_FA143_COURS'),
(66319766, 'BDX_J103_FA143_COURS'),
(66322492, 'BDX_J103_FA143_COURS'),
(66322504, 'BDX_J103_FA143_COURS'),
(66324671, 'BDX_J102_FA140_COURS'),
(66362518, 'BDX_J102_FA140_COURS'),
(66362622, 'BDX_J203_FA276_COURS'),
(66363438, 'BDX_J102_FA140_COURS'),
(66363657, 'BDX_J102_FA140_COURS'),
(66363711, 'BDX_J206_FA243_COURS'),
(66363735, 'BDX_J102_FA140_COURS'),
(66794390, 'BDX_J104_FA148_COURS'),
(66920918, 'BDX_J103_FA143_COURS'),
(66921036, 'BDX_J109_FA101_CLASSLAB'),
(67479405, 'BDX_J111_FA110_CUISINE_PEDAGOGIQUE'),
(67491905, 'BDX_J101_FA138_COURS'),
(67492159, 'BDX_J104_FA148_COURS'),
(67492173, 'BDX_J101_FA138_COURS'),
(67492495, 'BDX_J106_FA159_TP_HYBRIDE'),
(67565968, 'BDX_J205_FA282_COURS'),
(68060601, 'BDX_J205_FA282_COURS'),
(68060611, 'BDX_J205_FA282_COURS'),
(68060622, 'BDX_J205_FA282_COURS'),
(68060850, 'BDX_J107_FA163_TP_INFORMATIQUE'),
(68060850, 'BDX_J205_FA282_COURS'),
(68060867, 'BDX_J107_FA163_TP_INFORMATIQUE'),
(68060867, 'BDX_J205_FA282_COURS'),
(68061040, 'BDX_J003_FA024_SALLE_COURS_INFORMATIQUE'),
(68872756, 'BDX_J204_FA279_COURS'),
(68872756, 'BDX_J206_FA243_COURS'),
(68876442, 'BDX_J003_FA024_SALLE_COURS_INFORMATIQUE'),
(68915727, 'BDX_J104_FA148_COURS'),
(68922427, 'BDX_J103_FA143_COURS'),
(68936081, 'BDX_J106_FA159_TP_HYBRIDE'),
(68937981, 'BDX_J101_FA138_COURS'),
(70148254, 'BDX_J102_FA140_COURS'),
(71166178, 'BDX_J203_FA276_COURS'),
(71168252, 'BDX_J203_FA276_COURS'),
(71170163, 'BDX_J104_FA148_COURS'),
(72030713, 'BDX_J111_FA110_CUISINE_PEDAGOGIQUE');

INSERT INTO `event_groups` (`event_id`, `group_code`) VALUES
(66127007, '2526_ADIMAKER_BORDEAUX_A1'),
(66127452, '2526_ADIMAKER_BORDEAUX_A1'),
(66133095, '2526_ADIMAKER_BORDEAUX_A1'),
(66133095, '2526_ADIMAKER_BORDEAUX_A2'),
(66133845, '2526_ADIMAKER_BORDEAUX_A1'),
(66133845, '2526_ADIMAKER_BORDEAUX_A2'),
(66144080, '2526_ADIMAKER_BORDEAUX_A1'),
(66144080, '2526_ADIMAKER_BORDEAUX_A2'),
(66144506, '2526_ADIMAKER_BORDEAUX_A1'),
(66145103, '2526_ADIMAKER_BORDEAUX_A1'),
(66149475, '2526_ADIMAKER_BORDEAUX_A2'),
(66151218, '2526_ADIMAKER_BORDEAUX_A2'),
(66315182, '2526_ISEN_BORDEAUX_CIR1'),
(66318795, '2526_ISEN_BORDEAUX_CIR1'),
(66318808, '2526_ISEN_BORDEAUX_CIR1'),
(66319125, '2526_ISEN_BORDEAUX_CIR1'),
(66319766, '2526_ISEN_BORDEAUX_CIR1'),
(66322492, '2526_ISEN_BORDEAUX_CIR1'),
(66322504, '2526_ISEN_BORDEAUX_CIR1'),
(66324671, '2526_ISEN_BORDEAUX_CIR2'),
(66362518, '2526_ISEN_BORDEAUX_CIR2'),
(66362622, '2526_ISEN_BORDEAUX_CIR2'),
(66363438, '2526_ISEN_BORDEAUX_CIR2'),
(66363657, '2526_ISEN_BORDEAUX_CIR2'),
(66363711, '2526_ISEN_BORDEAUX_CIR2'),
(66363735, '2526_ISEN_BORDEAUX_CIR2'),
(66794390, '2526_ADIMAKER_BORDEAUX_A1'),
(66920918, '2526_ADIMAKER_BORDEAUX_A2'),
(66920918, '2526_ISEN_BORDEAUX_CIR2'),
(66921036, '2526_ADIMAKER_BORDEAUX_A1'),
(66921036, '2526_ISEN_BORDEAUX_CIR1'),
(67479405, '2526_ISEN_BORDEAUX_CSI3'),
(67491905, '2526_ISEN_BORDEAUX_CSI3'),
(67492159, '2526_ISEN_BORDEAUX_CSI3'),
(67492173, '2526_ISEN_BORDEAUX_CSI3'),
(67492495, '2526_ISEN_BORDEAUX_CSI3'),
(67565968, '2526_ISEN_BORDEAUX_AP5'),
(68060601, '2526_ISEN_BORDEAUX_AP5'),
(68060611, '2526_ISEN_BORDEAUX_AP5'),
(68060622, '2526_ISEN_BORDEAUX_AP5'),
(68060850, '2526_ISEN_BORDEAUX_AP5'),
(68060850, '2526_ISEN_BORDEAUX_AP5_CYBER'),
(68060867, '2526_ISEN_BORDEAUX_AP5'),
(68060867, '2526_ISEN_BORDEAUX_AP5_CYBER'),
(68061040, '2526_ISEN_AP5'),
(68061040, '2526_ISEN_BORDEAUX_AP5'),
(68061040, '2526_ISEN_BORDEAUX_AP5_DEV'),
(68872756, '2526_ISEN_BORDEAUX_AP5'),
(68872756, '2526_ISEN_BORDEAUX_AP5_DEV'),
(68876442, '2526_ISEN_BORDEAUX_AP5'),
(68915727, '2526_ADIMAKER_BORDEAUX_A1'),
(68922427, '2526_ADIMAKER_BORDEAUX_A2'),
(68936081, '2526_ISEN_BORDEAUX_CSI3'),
(68937981, '2526_ISEN_BORDEAUX_CSI3'),
(70148254, '2526_ADIMAKER_BORDEAUX_A1'),
(71166178, '2526_ISEN_BORDEAUX_CIR1'),
(71168252, '2526_ISEN_BORDEAUX_CSI3'),
(71170163, '2526_ISEN_BORDEAUX_CIR2');

INSERT INTO `event_courses` (`event_id`, `course_code`) VALUES
(66127007, '2526_ADIMAKER_BORDEAUX_A1_MATHS02'),
(66127452, '2526_ADIMAKER_BORDEAUX_A1_SCI1_MECA'),
(66133095, '2526_ADIMAKER_BORDEAUX_A1_PROJET1_BETA'),
(66133095, '2526_ADIMAKER_BORDEAUX_A2_PROJET3_BETA'),
(66133845, '2526_ADIMAKER_BORDEAUX_A1_PROJET1_BETA'),
(66133845, '2526_ADIMAKER_BORDEAUX_A2_PROJET3_BETA'),
(66144080, '2526_ADIMAKER_BORDEAUX_A1_PROJET1_ALPHA'),
(66144080, '2526_ADIMAKER_BORDEAUX_A2_PROJET3_ALPHA'),
(66144506, '2526_ADIMAKER_BORDEAUX_A1_INFO1_WEB'),
(66145103, '2526_ADIMAKER_BORDEAUX_A1_SCI1_MACHINESOUTILS'),
(66149475, '2526_ADIMAKER_BORDEAUX_A2_FHL3_ANGLAIS'),
(66151218, '2526_ADIMAKER_BORDEAUX_A2_INFO3_IA'),
(66315182, '2526_ISEN_BORDEAUX_CIR1_S1_ELEC_ANA'),
(66318795, '2526_ISEN_BORDEAUX_CIR1_S1_PROG1'),
(66318808, '2526_ISEN_BORDEAUX_CIR1_S1_PROG1'),
(66319125, '2526_ISEN_BORDEAUX_CIR1_S1_WEB'),
(66319766, '2526_ISEN_BORDEAUX_CIR1_S1_COM'),
(66322492, '2526_ISEN_BORDEAUX_CIR1_S1_MATH2'),
(66322504, '2526_ISEN_BORDEAUX_CIR1_S1_MATH2'),
(66324671, '2526_ISEN_BORDEAUX_CIR2_S3_PROG3'),
(66362518, '2526_ISEN_BORDEAUX_CIR2_S3_ELECMAG'),
(66362622, '2526_ISEN_BORDEAUX_CIR2_S3_ELECMAG'),
(66363438, '2526_ISEN_BORDEAUX_CIR2_S3_ANGLAIS'),
(66363657, '2526_ISEN_BORDEAUX_CIR2_S3_MATH_TP'),
(66363711, '2526_ISEN_BORDEAUX_CIR2_S3_MATH6'),
(66363735, '2526_ISEN_BORDEAUX_CIR2_S3_MATH6'),
(66794390, '2526_ADIMAKER_BORDEAUX_A1_INFO1_CMICROALGO'),
(66920918, '2526_ADIMAKER_BORDEAUX_A2_FHL3_PPP'),
(66921036, '2526_ADIMAKER_BORDEAUX_A1_FHL1_PPP'),
(67479405, '2526_ISEN_BORDEAUX_CSI3_S5_ANGLAIS'),
(67491905, '2526_ISEN_BORDEAUX_CSI3_S5_MECAQ'),
(67492159, '2526_ISEN_BORDEAUX_CSI3_S5_TRANSFO'),
(67492173, '2526_ISEN_BORDEAUX_CSI3_S5_TRANSFO'),
(67492495, '2526_ISEN_BORDEAUX_CSI3_S5_ELEC_NUM1_FPGA'),
(67565968, '2526_ISEN_BORDEAUX_AP5_BI'),
(68060601, '2526_ISEN_BORDEAUX_AP5_DEVSECOPS'),
(68060611, '2526_ISEN_BORDEAUX_AP5_DEVSECOPS'),
(68060622, '2526_ISEN_BORDEAUX_AP5_DEVSECOPS'),
(68060850, '2526_ISEN_BORDEAUX_AP5_PENTESTING'),
(68060867, '2526_ISEN_BORDEAUX_AP5_PENTESTING'),
(68061040, '2526_ISEN_AP5_PROG_MOBILE'),
(68061040, '2526_ISEN_BORDEAUX_AP5_PROG_MOBILE'),
(68876442, '2526_ISEN_BORDEAUX_AP5_SECURITE_SI'),
(68915727, '2526_ADIMAKER_BORDEAUX_A1_MATHS02'),
(68922427, '2526_ADIMAKER_BORDEAUX_A2_SCI3_ELECAPP'),
(68936081, '2526_ISEN_BORDEAUX_CSI3_S5_ELEC_NUM2_MICROC'),
(68937981, '2526_ISEN_BORDEAUX_CSI3_S5_EDD'),
(70148254, '2526_ADIMAKER_BORDEAUX_A1_SCI1_ELECNUM');
